ProductID,Category,Subcategory,ProductName,UnitPrice,UnitCost
101,Electronics,Phones,Aarav Phone X,44999,34000
102,Electronics,Phones,Meera Phone Lite,15999,12000
103,Electronics,Laptops,VihaanBook 14,62999,52000
104,Electronics,Accessories,Type-C Cable 1m,399,180
105,Grocery,Beverages,Masala Chai 250g,199,110
106,Grocery,Snacks,Khakhra Pack,99,55
107,Grocery,Beverages,Filter Coffee 250g,249,140
108,Apparel,Men,Cotton Kurta,1299,700
109,Apparel,Women,Kalamkari Dupatta,899,480
110,Apparel,Women,Anarkali Dress,2499,1400
111,Electronics,Accessories,BT Earbuds Neo,1999,1200
112,Grocery,Snacks,Ragi Chips,149,80
