CustomerID,FirstName,LastName,Gender,AgeGroup,City,LoyaltyTier,JoinDate
1001,Aditya,Sharma,Female,25-34,Delhi,Silver,2024-11-23
1002,Sara,Verma,Female,18-24,Mumbai,Bronze,2024-06-01
1003,Zara,Sharma,Male,35-44,Chennai,Silver,2023-08-14
1004,Meera,Singh,Female,45-54,Mumbai,Gold,2023-06-13
1005,Ira,Menon,Female,25-34,Bengaluru,Bronze,2024-01-25
1006,Aditya,Menon,Female,35-44,Mumbai,Silver,2024-07-03
1007,Aditya,Das,Male,35-44,Chennai,Silver,2025-06-01
1008,Aanya,Singh,Male,35-44,Mumbai,Silver,2025-03-02
1009,Yash,Verma,Male,45-54,Hyderabad,Bronze,2024-10-12
1010,Aanya,Iyer,Female,25-34,Chennai,Bronze,2025-08-17
1011,Vivaan,Singh,Male,35-44,Delhi,Bronze,2024-01-24
1012,Samar,Chopra,Male,35-44,Mumbai,Bronze,2023-02-02
1013,Ananya,Das,Female,18-24,Pune,Gold,2023-11-19
1014,Krishna,Kapoor,Female,45-54,Chennai,Silver,2023-09-29
1015,Arjun,Reddy,Female,35-44,Hyderabad,Gold,2024-02-13
1016,Aanya,Reddy,Male,35-44,Mumbai,Gold,2025-05-31
1017,Aditya,Iyer,Male,45-54,Hyderabad,Silver,2024-01-30
1018,Diya,Singh,Female,35-44,Pune,Gold,2023-01-12
1019,Aditya,Chopra,Female,45-54,Bengaluru,Bronze,2024-03-21
1020,Ishaan,Kapoor,Male,55+,Chennai,Bronze,2024-05-27
1021,Ishaan,Chopra,Male,45-54,Bengaluru,Gold,2024-06-03
1022,Zara,Reddy,Male,25-34,Delhi,Silver,2025-03-08
1023,Saanvi,Sharma,Female,25-34,Mumbai,Gold,2025-06-18
1024,Yash,Reddy,Male,25-34,Pune,Gold,2023-03-29
1025,Myra,Verma,Male,18-24,Hyderabad,Gold,2023-06-19
1026,Samar,Chopra,Female,55+,Pune,Gold,2024-12-07
1027,Krishna,Patil,Female,55+,Chennai,Bronze,2025-07-10
1028,Saanvi,Kapoor,Male,25-34,Mumbai,Bronze,2024-08-25
1029,Sara,Reddy,Male,18-24,Chennai,Silver,2023-08-23
1030,Vivaan,Sharma,Female,18-24,Delhi,Bronze,2024-05-12
1031,Krishna,Chopra,Male,35-44,Pune,Silver,2023-09-06
1032,Myra,Das,Male,18-24,Chennai,Bronze,2024-03-09
1033,Ira,Kapoor,Male,35-44,Chennai,Bronze,2024-02-17
1034,Ananya,Verma,Male,25-34,Pune,Bronze,2024-03-08
1035,Ishaan,Patil,Female,25-34,Mumbai,Bronze,2025-06-01
1036,Sara,Verma,Male,35-44,Pune,Gold,2023-04-06
1037,Rohan,Iyer,Female,25-34,Delhi,Gold,2025-07-13
1038,Vihaan,Iyer,Female,18-24,Hyderabad,Bronze,2025-03-13
1039,Meera,Patil,Female,35-44,Chennai,Platinum,2024-07-23
1040,Myra,Iyer,Male,25-34,Mumbai,Silver,2024-07-09
1041,Vihaan,Menon,Male,18-24,Hyderabad,Silver,2025-05-23
1042,Saanvi,Iyer,Male,55+,Mumbai,Gold,2023-03-12
1043,Zara,Verma,Male,25-34,Pune,Bronze,2024-08-31
1044,Vihaan,Singh,Male,25-34,Pune,Silver,2023-11-20
1045,Samar,Reddy,Female,25-34,Hyderabad,Bronze,2024-10-22
1046,Yash,Kapoor,Female,55+,Mumbai,Bronze,2024-09-28
1047,Siya,Verma,Male,35-44,Pune,Bronze,2025-08-13
1048,Aanya,Verma,Male,25-34,Delhi,Bronze,2024-07-10
1049,Yash,Singh,Male,35-44,Pune,Bronze,2024-11-10
1050,Aditya,Iyer,Female,18-24,Mumbai,Silver,2023-06-09
1051,Samar,Patil,Male,35-44,Delhi,Silver,2025-05-23
1052,Samar,Chopra,Female,25-34,Mumbai,Bronze,2024-03-09
1053,Samar,Sharma,Male,25-34,Delhi,Silver,2023-09-26
1054,Ishaan,Kapoor,Female,35-44,Mumbai,Bronze,2025-06-23
1055,Arjun,Chopra,Male,45-54,Pune,Silver,2024-03-16
1056,Arjun,Sharma,Female,25-34,Mumbai,Gold,2023-08-04
1057,Rohan,Verma,Female,45-54,Hyderabad,Platinum,2025-02-06
1058,Arjun,Reddy,Male,55+,Delhi,Gold,2023-01-26
1059,Ishaan,Menon,Female,45-54,Chennai,Gold,2023-10-01
1060,Ishaan,Verma,Female,45-54,Hyderabad,Bronze,2025-04-16
1061,Meera,Menon,Female,45-54,Delhi,Bronze,2024-11-06
1062,Krishna,Das,Female,25-34,Mumbai,Platinum,2023-10-13
1063,Aanya,Chopra,Female,35-44,Pune,Bronze,2023-01-29
1064,Aditya,Patil,Male,35-44,Bengaluru,Bronze,2024-09-02
1065,Ira,Menon,Female,25-34,Pune,Bronze,2025-07-10
1066,Siya,Reddy,Female,18-24,Hyderabad,Bronze,2025-08-05
1067,Sara,Reddy,Female,25-34,Chennai,Gold,2024-09-30
1068,Ananya,Verma,Female,35-44,Chennai,Bronze,2024-02-17
1069,Yash,Chopra,Male,25-34,Chennai,Gold,2024-11-24
1070,Ishaan,Singh,Female,25-34,Mumbai,Bronze,2023-08-04
1071,Ira,Singh,Female,25-34,Hyderabad,Silver,2024-06-07
1072,Myra,Iyer,Male,25-34,Chennai,Silver,2023-12-10
1073,Vivaan,Reddy,Female,25-34,Delhi,Bronze,2023-02-17
1074,Rohan,Kapoor,Male,25-34,Chennai,Silver,2025-01-05
1075,Diya,Kapoor,Female,25-34,Chennai,Silver,2025-07-03
1076,Aditya,Das,Male,25-34,Chennai,Silver,2023-02-21
1077,Sara,Reddy,Male,25-34,Hyderabad,Silver,2024-07-26
1078,Zara,Menon,Female,35-44,Chennai,Gold,2024-03-12
1079,Sara,Kapoor,Male,35-44,Hyderabad,Silver,2025-02-08
1080,Rohan,Patil,Female,35-44,Bengaluru,Bronze,2024-12-31
1081,Yash,Reddy,Female,25-34,Pune,Bronze,2023-06-04
1082,Rohan,Das,Male,35-44,Mumbai,Bronze,2023-12-05
1083,Sara,Kapoor,Female,18-24,Hyderabad,Bronze,2025-02-27
1084,Siya,Sharma,Female,25-34,Bengaluru,Bronze,2024-02-04
1085,Ira,Chopra,Male,25-34,Bengaluru,Bronze,2023-01-30
1086,Diya,Menon,Female,35-44,Hyderabad,Gold,2024-09-29
1087,Sara,Sharma,Female,35-44,Chennai,Bronze,2024-10-20
1088,Ira,Iyer,Female,25-34,Bengaluru,Bronze,2023-08-05
1089,Meera,Menon,Female,45-54,Hyderabad,Bronze,2025-05-01
1090,Ira,Patil,Male,25-34,Chennai,Silver,2023-12-25
1091,Rohan,Verma,Male,45-54,Delhi,Bronze,2023-01-21
1092,Zara,Iyer,Male,18-24,Chennai,Bronze,2025-08-28
1093,Krishna,Kapoor,Female,45-54,Delhi,Silver,2025-02-04
1094,Aditya,Iyer,Female,18-24,Mumbai,Gold,2024-08-12
1095,Diya,Das,Male,18-24,Chennai,Gold,2023-09-06
1096,Aditya,Patil,Male,45-54,Pune,Gold,2023-12-22
1097,Sara,Das,Female,18-24,Chennai,Bronze,2025-05-19
1098,Ira,Kapoor,Male,25-34,Bengaluru,Silver,2025-04-28
1099,Meera,Iyer,Female,25-34,Pune,Platinum,2023-10-04
1100,Zara,Chopra,Female,25-34,Chennai,Silver,2023-11-27
1101,Rohan,Verma,Female,45-54,Delhi,Gold,2024-08-06
1102,Zara,Das,Female,18-24,Bengaluru,Bronze,2023-08-06
1103,Aanya,Patil,Female,25-34,Pune,Silver,2023-10-10
1104,Sara,Sharma,Male,18-24,Chennai,Bronze,2024-07-22
1105,Rohan,Kapoor,Female,25-34,Mumbai,Bronze,2023-08-15
1106,Diya,Reddy,Female,35-44,Bengaluru,Silver,2024-06-27
1107,Aanya,Das,Female,25-34,Hyderabad,Bronze,2023-09-15
1108,Rohan,Verma,Male,25-34,Chennai,Silver,2025-02-19
1109,Ishaan,Reddy,Male,35-44,Bengaluru,Silver,2025-02-17
1110,Saanvi,Singh,Female,55+,Delhi,Bronze,2024-01-05
1111,Ishaan,Patil,Male,35-44,Delhi,Bronze,2023-02-25
1112,Sara,Patil,Male,35-44,Hyderabad,Bronze,2023-01-13
1113,Siya,Patil,Female,25-34,Bengaluru,Bronze,2023-02-22
1114,Samar,Kapoor,Male,45-54,Hyderabad,Silver,2024-08-13
1115,Vihaan,Iyer,Male,45-54,Bengaluru,Bronze,2023-09-12
1116,Aditya,Chopra,Female,35-44,Pune,Bronze,2024-06-19
1117,Diya,Kapoor,Female,25-34,Pune,Platinum,2023-11-09
1118,Siya,Singh,Male,35-44,Chennai,Bronze,2025-02-20
1119,Krishna,Reddy,Female,35-44,Delhi,Bronze,2024-07-19
1120,Vivaan,Iyer,Male,25-34,Chennai,Silver,2023-10-26
1121,Vihaan,Reddy,Female,35-44,Chennai,Gold,2023-03-14
1122,Rohan,Patil,Male,25-34,Pune,Bronze,2023-06-02
1123,Samar,Iyer,Male,18-24,Bengaluru,Silver,2025-04-24
1124,Siya,Patil,Female,18-24,Chennai,Bronze,2024-02-17
1125,Samar,Chopra,Female,25-34,Pune,Bronze,2024-03-18
1126,Ananya,Singh,Female,18-24,Delhi,Platinum,2025-05-06
1127,Siya,Singh,Male,55+,Chennai,Gold,2024-08-13
1128,Vihaan,Iyer,Female,35-44,Hyderabad,Gold,2023-07-05
1129,Siya,Das,Female,55+,Hyderabad,Bronze,2023-12-08
1130,Ananya,Verma,Male,25-34,Chennai,Silver,2024-11-09
1131,Diya,Chopra,Male,25-34,Bengaluru,Bronze,2023-04-29
1132,Diya,Chopra,Male,35-44,Pune,Silver,2023-02-25
1133,Krishna,Chopra,Female,35-44,Hyderabad,Silver,2025-02-17
1134,Vihaan,Reddy,Female,35-44,Bengaluru,Bronze,2024-12-16
1135,Myra,Verma,Male,55+,Pune,Gold,2024-12-27
1136,Ishaan,Patil,Male,35-44,Mumbai,Bronze,2025-05-11
1137,Aditya,Kapoor,Male,35-44,Delhi,Silver,2025-01-03
1138,Yash,Chopra,Female,25-34,Hyderabad,Platinum,2023-09-07
1139,Meera,Chopra,Male,25-34,Pune,Silver,2025-06-19
1140,Arjun,Verma,Female,45-54,Hyderabad,Bronze,2025-03-17
1141,Saanvi,Patil,Male,25-34,Bengaluru,Gold,2024-08-16
1142,Myra,Iyer,Female,35-44,Bengaluru,Bronze,2025-02-20
1143,Sara,Das,Female,55+,Delhi,Platinum,2023-09-02
1144,Siya,Das,Male,45-54,Hyderabad,Bronze,2025-02-01
1145,Myra,Das,Female,55+,Chennai,Platinum,2024-05-22
1146,Vihaan,Iyer,Female,45-54,Hyderabad,Bronze,2025-07-21
1147,Meera,Sharma,Male,25-34,Chennai,Platinum,2023-03-18
1148,Myra,Patil,Female,35-44,Hyderabad,Silver,2025-05-22
1149,Ananya,Chopra,Female,55+,Chennai,Silver,2025-02-16
1150,Myra,Chopra,Male,35-44,Delhi,Silver,2025-08-01
1151,Yash,Reddy,Male,25-34,Mumbai,Gold,2024-12-21
1152,Aditya,Kapoor,Male,35-44,Mumbai,Bronze,2025-03-26
1153,Vihaan,Patil,Female,25-34,Delhi,Bronze,2024-02-26
1154,Siya,Iyer,Male,25-34,Pune,Gold,2024-09-26
1155,Rohan,Kapoor,Male,25-34,Chennai,Bronze,2023-09-19
1156,Aarav,Kapoor,Female,35-44,Delhi,Bronze,2025-08-25
1157,Aanya,Singh,Female,35-44,Hyderabad,Silver,2024-04-12
1158,Yash,Reddy,Female,45-54,Mumbai,Bronze,2024-08-08
1159,Aanya,Singh,Female,55+,Bengaluru,Bronze,2025-04-29
1160,Diya,Patil,Male,35-44,Chennai,Gold,2023-02-20
1161,Zara,Kapoor,Female,45-54,Delhi,Silver,2023-12-27
1162,Rohan,Reddy,Female,35-44,Chennai,Gold,2024-11-28
1163,Arjun,Verma,Male,25-34,Hyderabad,Bronze,2024-01-09
1164,Arjun,Verma,Female,25-34,Hyderabad,Bronze,2023-05-16
1165,Sara,Menon,Female,45-54,Bengaluru,Gold,2025-08-24
1166,Myra,Patil,Female,45-54,Hyderabad,Platinum,2023-05-25
1167,Rohan,Das,Female,18-24,Hyderabad,Bronze,2024-07-03
1168,Aditya,Kapoor,Female,35-44,Chennai,Bronze,2024-01-26
1169,Aanya,Verma,Male,25-34,Pune,Gold,2024-07-28
1170,Ananya,Singh,Male,35-44,Chennai,Gold,2025-07-20
1171,Yash,Das,Male,18-24,Mumbai,Bronze,2024-05-19
1172,Aditya,Verma,Male,45-54,Delhi,Bronze,2024-01-15
1173,Sara,Das,Male,45-54,Chennai,Bronze,2024-05-16
1174,Zara,Das,Female,18-24,Bengaluru,Bronze,2024-03-31
1175,Rohan,Menon,Male,55+,Bengaluru,Silver,2024-10-22
1176,Aanya,Sharma,Female,25-34,Mumbai,Gold,2025-04-23
1177,Meera,Verma,Male,35-44,Pune,Platinum,2023-02-21
1178,Ananya,Reddy,Male,45-54,Delhi,Bronze,2025-02-22
1179,Sara,Reddy,Male,45-54,Delhi,Bronze,2023-06-01
1180,Zara,Sharma,Female,45-54,Delhi,Platinum,2024-07-07
1181,Samar,Iyer,Male,35-44,Mumbai,Bronze,2024-01-02
1182,Rohan,Singh,Female,18-24,Bengaluru,Bronze,2025-01-29
1183,Ira,Chopra,Male,35-44,Hyderabad,Bronze,2024-01-06
1184,Saanvi,Singh,Male,25-34,Delhi,Gold,2023-02-14
1185,Saanvi,Patil,Female,35-44,Mumbai,Bronze,2024-05-05
1186,Diya,Das,Male,25-34,Hyderabad,Bronze,2023-03-24
1187,Ananya,Singh,Male,18-24,Bengaluru,Silver,2024-08-22
1188,Sara,Menon,Female,55+,Pune,Bronze,2024-06-01
1189,Zara,Das,Male,45-54,Mumbai,Gold,2024-10-28
1190,Sara,Reddy,Female,25-34,Delhi,Bronze,2025-04-27
1191,Meera,Das,Female,35-44,Bengaluru,Bronze,2024-11-12
1192,Samar,Menon,Male,35-44,Hyderabad,Bronze,2025-05-01
1193,Vivaan,Verma,Female,18-24,Chennai,Bronze,2023-05-14
1194,Sara,Sharma,Female,35-44,Hyderabad,Bronze,2024-11-12
1195,Ira,Sharma,Female,35-44,Bengaluru,Bronze,2024-06-03
1196,Krishna,Iyer,Female,25-34,Mumbai,Bronze,2024-07-23
1197,Aanya,Verma,Female,35-44,Hyderabad,Gold,2025-02-24
1198,Zara,Singh,Male,35-44,Chennai,Gold,2023-10-01
1199,Aarav,Iyer,Female,35-44,Bengaluru,Gold,2023-12-26
1200,Aarav,Iyer,Male,35-44,Hyderabad,Bronze,2025-01-28
